<?xml version="1.0" encoding="utf-8"?>
<odoo>
    <data noupdate="1">
        <record id="30" model="tinh">
            <field name="name">Tỉnh Hải Dương</field>
            <field name="code_tinh">30</field>
        </record>
        <record id="37" model="tinh">
            <field name="name">Tỉnh Ninh Bình</field>
            <field name="code_tinh">37</field>
        </record>
        <record id="22" model="tinh">
            <field name="name">Tỉnh Quảng Ninh</field>
            <field name="code_tinh">22</field>
        </record>
        <record id="58" model="tinh">
            <field name="name">Tỉnh Ninh Thuận</field>
            <field name="code_tinh">58</field>
        </record>
        <record id="60" model="tinh">
            <field name="name">Tỉnh Bình Thuận</field>
            <field name="code_tinh">60</field>
        </record>
        <record id="82" model="tinh">
            <field name="name">Tỉnh Tiền Giang</field>
            <field name="code_tinh">82</field>
        </record>
        <record id="62" model="tinh">
            <field name="name">Tỉnh Kon Tum</field>
            <field name="code_tinh">62</field>
        </record>
        <record id="89" model="tinh">
            <field name="name">Tỉnh An Giang</field>
            <field name="code_tinh">89</field>
        </record>
        <record id="64" model="tinh">
            <field name="name">Tỉnh Gia Lai</field>
            <field name="code_tinh">64</field>
        </record>
        <record id="66" model="tinh">
            <field name="name">Tỉnh Đắk Lắk</field>
            <field name="code_tinh">66</field>
        </record>
        <record id="67" model="tinh">
            <field name="name">Tỉnh Đắk Nông</field>
            <field name="code_tinh">67</field>
        </record>
        <record id="68" model="tinh">
            <field name="name">Tỉnh Lâm Đồng</field>
            <field name="code_tinh">68</field>
        </record>
        <record id="83" model="tinh">
            <field name="name">Tỉnh Bến Tre</field>
            <field name="code_tinh">83</field>
        </record>
        <record id="80" model="tinh">
            <field name="name">Tỉnh Long An</field>
            <field name="code_tinh">80</field>
        </record>
        <record id="34" model="tinh">
            <field name="name">Tỉnh Thái Bình</field>
            <field name="code_tinh">34</field>
        </record>
        <record id="86" model="tinh">
            <field name="name">Tỉnh Vĩnh Long</field>
            <field name="code_tinh">86</field>
        </record>
        <record id="87" model="tinh">
            <field name="name">Tỉnh Đồng Tháp</field>
            <field name="code_tinh">87</field>
        </record>
        <record id="84" model="tinh">
            <field name="name">Tỉnh Trà Vinh</field>
            <field name="code_tinh">84</field>
        </record>
        <record id="04" model="tinh">
            <field name="name">Tỉnh Cao Bằng</field>
            <field name="code_tinh">04</field>
        </record>
        <record id="02" model="tinh">
            <field name="name">Tỉnh Hà Giang</field>
            <field name="code_tinh">02</field>
        </record>
        <record id="25" model="tinh">
            <field name="name">Tỉnh Phú Thọ</field>
            <field name="code_tinh">25</field>
        </record>
        <record id="26" model="tinh">
            <field name="name">Tỉnh Vĩnh Phúc</field>
            <field name="code_tinh">26</field>
        </record>
        <record id="01" model="tinh">
            <field name="name">Thành phố Hà Nội</field>
            <field name="code_tinh">01</field>
        </record>
        <record id="20" model="tinh">
            <field name="name">Tỉnh Lạng Sơn</field>
            <field name="code_tinh">20</field>
        </record>
        <record id="48" model="tinh">
            <field name="name">Thành phố Đà Nẵng</field>
            <field name="code_tinh">48</field>
        </record>
        <record id="49" model="tinh">
            <field name="name">Tỉnh Quảng Nam</field>
            <field name="code_tinh">49</field>
        </record>
        <record id="46" model="tinh">
            <field name="name">Tỉnh Thừa Thiên Huế</field>
            <field name="code_tinh">46</field>
        </record>
        <record id="08" model="tinh">
            <field name="name">Tỉnh Tuyên Quang</field>
            <field name="code_tinh">08</field>
        </record>
        <record id="45" model="tinh">
            <field name="name">Tỉnh Quảng Trị</field>
            <field name="code_tinh">45</field>
        </record>
        <record id="42" model="tinh">
            <field name="name">Tỉnh Hà Tĩnh</field>
            <field name="code_tinh">42</field>
        </record>
        <record id="40" model="tinh">
            <field name="name">Tỉnh Nghệ An</field>
            <field name="code_tinh">40</field>
        </record>
        <record id="27" model="tinh">
            <field name="name">Tỉnh Bắc Ninh</field>
            <field name="code_tinh">27</field>
        </record>
        <record id="24" model="tinh">
            <field name="name">Tỉnh Bắc Giang</field>
            <field name="code_tinh">24</field>
        </record>
        <record id="77" model="tinh">
            <field name="name">Tỉnh Bà Rịa - Vũng Tàu</field>
            <field name="code_tinh">77</field>
        </record>
        <record id="75" model="tinh">
            <field name="name">Tỉnh Đồng Nai</field>
            <field name="code_tinh">75</field>
        </record>
        <record id="12" model="tinh">
            <field name="name">Tỉnh Lai Châu</field>
            <field name="code_tinh">12</field>
        </record>
        <record id="72" model="tinh">
            <field name="name">Tỉnh Tây Ninh</field>
            <field name="code_tinh">72</field>
        </record>
        <record id="70" model="tinh">
            <field name="name">Tỉnh Bình Phước</field>
            <field name="code_tinh">70</field>
        </record>
        <record id="91" model="tinh">
            <field name="name">Tỉnh Kiên Giang</field>
            <field name="code_tinh">91</field>
        </record>
        <record id="06" model="tinh">
            <field name="name">Tỉnh Bắc Kạn</field>
            <field name="code_tinh">06</field>
        </record>
        <record id="93" model="tinh">
            <field name="name">Tỉnh Hậu Giang</field>
            <field name="code_tinh">93</field>
        </record>
        <record id="92" model="tinh">
            <field name="name">Thành phố Cần Thơ</field>
            <field name="code_tinh">92</field>
        </record>
        <record id="95" model="tinh">
            <field name="name">Tỉnh Bạc Liêu</field>
            <field name="code_tinh">95</field>
        </record>
        <record id="94" model="tinh">
            <field name="name">Tỉnh Sóc Trăng</field>
            <field name="code_tinh">94</field>
        </record>
        <record id="79" model="tinh">
            <field name="name">Thành phố Hồ Chí Minh</field>
            <field name="code_tinh">79</field>
        </record>
        <record id="96" model="tinh">
            <field name="name">Tỉnh Cà Mau</field>
            <field name="code_tinh">96</field>
        </record>
        <record id="11" model="tinh">
            <field name="name">Tỉnh Điện Biên</field>
            <field name="code_tinh">11</field>
        </record>
        <record id="10" model="tinh">
            <field name="name">Tỉnh Lào Cai</field>
            <field name="code_tinh">10</field>
        </record>
        <record id="38" model="tinh">
            <field name="name">Tỉnh Thanh Hóa</field>
            <field name="code_tinh">38</field>
        </record>
        <record id="15" model="tinh">
            <field name="name">Tỉnh Yên Bái</field>
            <field name="code_tinh">15</field>
        </record>
        <record id="14" model="tinh">
            <field name="name">Tỉnh Sơn La</field>
            <field name="code_tinh">14</field>
        </record>
        <record id="17" model="tinh">
            <field name="name">Tỉnh Hoà Bình</field>
            <field name="code_tinh">17</field>
        </record>
        <record id="33" model="tinh">
            <field name="name">Tỉnh Hưng Yên</field>
            <field name="code_tinh">33</field>
        </record>
        <record id="54" model="tinh">
            <field name="name">Tỉnh Phú Yên</field>
            <field name="code_tinh">54</field>
        </record>
        <record id="31" model="tinh">
            <field name="name">Thành phố Hải Phòng</field>
            <field name="code_tinh">31</field>
        </record>
        <record id="56" model="tinh">
            <field name="name">Tỉnh Khánh Hòa</field>
            <field name="code_tinh">56</field>
        </record>
        <record id="51" model="tinh">
            <field name="name">Tỉnh Quảng Ngãi</field>
            <field name="code_tinh">51</field>
        </record>
        <record id="36" model="tinh">
            <field name="name">Tỉnh Nam Định</field>
            <field name="code_tinh">36</field>
        </record>
        <record id="35" model="tinh">
            <field name="name">Tỉnh Hà Nam</field>
            <field name="code_tinh">35</field>
        </record>
        <record id="52" model="tinh">
            <field name="name">Tỉnh Bình Định</field>
            <field name="code_tinh">52</field>
        </record>
        <record id="19" model="tinh">
            <field name="name">Tỉnh Thái Nguyên</field>
            <field name="code_tinh">19</field>
        </record>
        <record id="74" model="tinh">
            <field name="name">Tỉnh Bình Dương</field>
            <field name="code_tinh">74</field>
        </record>
        <record id="44" model="tinh">
            <field name="name">Tỉnh Quảng Bình</field>
            <field name="code_tinh">44</field>
        </record>

    </data>
</odoo>