id,name,model_id:id,group_id:id,perm_read,perm_write,perm_create,perm_unlink

access_1,Người dùng nhân sự lịch sử,model_lich_su,tai_san.group_taisan,1,1,1,1
access_2,Người dùng nhân sự tài sản,model_tai_san,tai_san.group_taisan,1,1,1,1
access_3,Người dùng nhân sự ls bảo quản,model_lich_subq,tai_san.group_taisan,1,1,1,1
access_4,Người dùng nhân sự top10,model_top_10,tai_san.group_taisan,1,1,1,1


access_5,nguoi nha ts phe,model_tai_san,tai_san.group_taisan_phe,1,1,0,1
access_6,nguoi nhan ts phe lịch sử,model_lich_su,tai_san.group_taisan_phe,1,1,0,1
access_7,nguoi nhan ts phe ls bảo quản,model_lich_subq,tai_san.group_taisan_phe,1,1,0,1
access_4,nguoi nhan ts phe top10,model_top_10,tai_san.group_taisan_phe,1,1,0,1



